sku,ten_hang,Z,pre_p,pg_hau,gia_tien_lam_tron,gia_chuan,du_bao_doi_muc,sai_lech_voi_chuan,bam_chuan
305210206779,VASELINE Son dưỡng môi mềm mịn 7g x Hủ,1,96000.0,96000.12,96000.0,94000.0,True,2000.1199999999953,False
305210231597,Vaseline Sáp dưỡng ẩm môi hồng 7g x Hủ,1,96000.0,96000.12,96000.0,94000.0,True,2000.1199999999953,False
3086123191143,BIC Dao Cạo Nữ 2 Lưỡi 3 Cây x Gói,1,44000.0,44000.28,44000.0,43000.0,True,1000.2799999999988,False
3086123242401,BIC Dao Cạo 2 Lưỡi 2 Cây x Gói,1,27000.0,27000.0,27000.0,27000.0,False,0.0,True
3154144680110,MAPED Kéo Văn Phòng 17cm x Cây,1,39000.0,38999.88,39000.0,38000.0,True,999.8799999999974,False
3175520018655,ROCHE MAZET rượu vang đỏ Merlot Rouge Pays doc 750ml x Chai,0,430000.0,429999.9,430000.0,422000.0,True,7999.900000000023,False
4005808829675,NIVEA XKM Extra Whitening 150ml x chai,1,129000.0,114000.21,129000.0,127000.0,True,12999.789999999994,False
4005808837472,NIVEA Lăn khử mùi sáng da extra whitening 50ml x chai,1,109000.0,96500.24,109000.0,107000.0,True,10499.759999999995,False
4061700151160,Bia Đức Sanwald Hefeweizen 500ml x Lon,0,60000.0,60000.05,60000.0,59000.0,True,1000.0500000000029,False
4067700014573,Jagermeister 350ml x Chai,0,559000.2,559000.2,559000.0,549000.0,True,10000.199999999953,False
40677798,Jagermeister 20ml x Chai,0,53000.0,53000.2,53000.0,52000.0,True,1000.1999999999971,False
4511413503997,DHC Son môi giúp dưỡng ẩm,1,175000.1,175000.1,175000.0,172000.0,True,3000.100000000006,False
4513574029590,Hatomugi SRM hạt ý dĩ 170g x chai,1,109000.0,109000.1,109000.0,107000.0,True,2000.1000000000058,False
4550516474568,Senka SRM Perfect Whip A 120g x tuýp,1,115000.0,114999.48,115000.0,113000.0,True,1999.479999999996,False
4550516474582,Senka SRM Collagen In A 120g x tuýp,1,135000.0,135000.0,135000.0,133000.0,True,2000.0,False
4550516706669,Senka nước tẩy trang ngừa mụn hoa cúc 230ml x chai,1,158000.0,157999.68,158000.0,155000.0,True,2999.679999999993,False
4800318407937,KDR SENSODYNE Multi care 100g x hộp,1,90000.0,89999.64,90000.0,88000.0,True,1999.6399999999994,False
4808888413709,Palmolive Dầu gội dưỡng ẩm 180ml x Chai,1,51000.0,39999.96,51000.0,50000.0,True,10000.04,False
4891228311094,Banana KCN Boat aqua sensitive 50ml x tuýp,1,183000.2,182999.52,183000.0,180000.0,True,2999.5199999999895,False
4891338003582,Darlie KĐR travel kit 50g x bộ,1,56000.0,56000.16,56000.0,55000.0,True,1000.1600000000035,False
4891338009737,Darlie KDR Tea Care Green Tea Mint 160g x tuýp,1,47000.0,47000.52,47000.0,46000.0,True,1000.5199999999968,False
4893776000772,KDR SENSODYNE Trắng Sáng 100g x Hộp,1,89000.0,88999.56,89000.0,87000.0,True,1999.5599999999977,False
4897024510570,TEMPO Khăn Ướt Mini Protect 8 Tờ x Gói,1,13000.0,12999.96,13000.0,13000.0,False,0.040000000000873115,True
4901004002457,ASAHI Super Dry bia chai 330ml x chai,0,34000.0,33999.9,34000.0,33000.0,True,999.9000000000015,False
4901004021076,ASAHI Super Dry bia lon 330ml x lon,0,34000.0,33999.9,34000.0,33000.0,True,999.9000000000015,False
4901301214614,BIORE tẩy trang 10 miếng x Gói,1,33000.0,33000.48,33000.0,32000.0,True,1000.4800000000032,False
4901301756305,BIORE DẦU TẨY TRANG 150ML X 1 CHAI,1,163000.0,163000.08,163000.0,160000.0,True,3000.079999999987,False
4901331011641,Dao cạo bikini 2 cái line x bộ,1,49000.0,48999.5,49000.0,48000.0,True,999.5,False
4901331017827,Kai dao cạo chân mày 3 cây x vỉ,1,49000.0,48999.5,49000.0,48000.0,True,999.5,False
4902430355193,DOWNY NXV Đam Mê 1.45L x Túi,1,131000.1,130999.68,131000.0,129000.0,True,1999.679999999993,False
4902430775793,PANTENE Dầu gội ngăn rụng tóc 150ml x Chai,1,48000.0,56000.16,48000.0,47000.0,True,9000.160000000003,False
4902430788205,GILLETTE Dao cạo râu Mach3 2up x hộp,1,183000.4,244000.08,183000.0,180000.0,True,64000.07999999999,False
4902430788571,GILLETE Lưỡi dao cạo Mach 3 3s x vỉ,1,199000.0,265999.68,199000.0,195000.0,True,70999.68,False
4902430837217,Pantene Kem xả ngăn rụng tóc 3MM 150ml x Chai,1,70000.0,70000.2,70000.0,69000.0,True,1000.1999999999971,False
4902430845212,ARIEL NG Cửa Trên Nước Hoa 3.65Kg x Túi,1,237000.0,236999.52,237000.0,233000.0,True,3999.5199999999895,False
4902430918114,DOWNY NXV Đam Mê 3L x Túi,1,241000.0,240999.84,241000.0,237000.0,True,3999.8399999999965,False
4983435201227,OKAMURA Tăm nhựa 120 cây x Bịch,1,35000.0,34999.68,35000.0,34000.0,True,999.6800000000003,False
4983435734503,Okamura Tăm chỉ kẻ răng DP-AFP 50 cây x Bịch,1,26000.0,25999.92,26000.0,26000.0,False,0.08000000000174623,True
4987176243812,Gillette Lưỡi Dao Cạo Mach 3 Clean x Vỉ,1,175000.0,175000.1,175000.0,172000.0,True,3000.100000000006,False
4987176257116,Gillette Dao cạo Mach 3 Clean x Bộ,1,183000.0,182999.52,183000.0,180000.0,True,2999.5199999999895,False
5000347026720,KDR Aquafresh Trẻ em 6T 50ml x Tuýp,1,49000.0,48999.6,49000.0,48000.0,True,999.5999999999985,False
5010106113127,Ballantines Finest rượu whisky 40 700ml x Chai,0,535000.0,535000.4,535000.0,525000.0,True,10000.400000000023,False
5011309895513,Eucryl KDR bạc hà tẩy trắng 50ml x hộp,1,66000.0,65999.88,66000.0,65000.0,True,999.8800000000047,False
5014218810974,Rượu Douglas Laing's Rock Island Whisky 50ml x Chai,0,150000.0,150000.4,150000.0,147000.0,True,3000.399999999994,False
51131968165,SCOTCH Keo Siêu Dính x Tuýp,1,31000.0,31000.32,31000.0,30000.0,True,1000.3199999999997,False
6901035605274,TSINGTAO Bia Lager 330ml x Lon,0,20000.2,23999.8,20000.0,20000.0,False,3999.7999999999993,False
6901035624893,TSINGTAO Bia 1903 lon 330ml x Lon,0,34000.0,33999.9,34000.0,33000.0,True,999.9000000000015,False
6915878224158,CORONA Bia Extra 300ml x Chai,0,33000.0,33000.0,33000.0,32000.0,True,1000.0,False
6920354814471,COLGATE KDR OPTIC WHITE PLUS SHINE 100G x Hộp,1,59000.0,58999.6,59000.0,58000.0,True,999.5999999999985,False
6920354827792,Colgate KDR tinh chất than tre 225g x hộp,1,62000.0,61999.56,62000.0,61000.0,True,999.5599999999977,False
6920354832239,Colgate KDR Bamboo Charcoal 90g x tuýp,1,27000.0,27000.0,27000.0,27000.0,False,0.0,True
6920354836930,Colgate KĐR optice white purple 100g x tuýp,1,66000.0,65999.88,66000.0,65000.0,True,999.8800000000047,False
6920354837180,Colgate KĐR Maxwhite 137g x tuýp,1,62000.0,61999.56,62000.0,61000.0,True,999.5599999999977,False
6935145301030,RIO Cocktail Đào 275ml x Chai,0,75000.0,75000.01666666666,75000.0,74000.0,True,1000.0166666666628,False
6935145301047,RIO Cocktail Rose 275ml x Chai,0,75000.0,75000.12142857144,75000.0,74000.0,True,1000.1214285714377,False
6935145341036,Rio Fresh vị Dâu  vodka 330ml x Lon,0,55000.0,55000.0,55000.0,54000.0,True,1000.0,False
71603000810,Trim Bấm móng loại nhỏ x cái,1,29000.0,29000.16,29000.0,28000.0,True,1000.1599999999999,False
71603545007,CN THANH NGỌC Trim Bấm mi x Cái,1,65000.0,65000.1,65000.0,64000.0,True,1000.0999999999985,False
7312040017591,Absolut rượu Vodka 375ml x Chai,0,268999.75,268999.5,269000.0,264000.0,True,4999.5,False
7312040017683,Absolut rượu Vodka 700ml x Chai,0,525000.0,525000.3,525000.0,515000.0,True,10000.300000000047,False
7702018965199,GILLETTE Dao cạo cán vàng 2 cái x gói,1,20000.0,20000.52,20000.0,20000.0,False,0.5200000000004366,True
7804300011413,Vang trắng Santa Helena Siglo De Oro Chardonnay 750ml x Chai,0,557000.0,557000.4,557000.0,547000.0,True,10000.400000000023,False
7808725402252,FS WINE Vang trắng Root1 Sauvignon Blanc 750ml x Chai,0,590000.0,590000.4,590000.0,579000.0,True,11000.400000000023,False
80432400340,Chivas Regal 12YO 40 50ml x Chai,0,99000.0,99000.0,99000.0,97000.0,True,2000.0,False
80432400388,CHIVAS Regal rượu whisky 12YO 375ml x Chai,0,559000.0,559000.2,559000.0,549000.0,True,10000.199999999953,False
80686000365,Rượu Whiskey Jim Beam White Bourbon 750ml x Chai,0,495000.0,495000.0,495000.0,486000.0,True,9000.0,False
8801022024140,Rượu Soju Saero Hương Vải không đường 375ml x Chai,0,58000.0,67999.8,58000.0,57000.0,True,10999.800000000003,False
8801030000396,CHUM CHURUM rượu soju vị dâu 360ml x Chai,0,81000.0,80999.6,81000.0,80000.0,True,999.6000000000058,False
8801048101023,Rượu Soju Jinro Back 360ml x Chai,0,78000.0,80999.7375,78000.0,77000.0,True,3999.737500000003,False
8801048178018,Rượu Soju Jinro Strawberry 360ml x Chai,0,78000.0,80999.6,78000.0,77000.0,True,3999.600000000006,False
8801048178308,Rượu Soju Jinro Plum 360ml x Chai,0,78000.0,80999.6,78000.0,77000.0,True,3999.600000000006,False
8801048181292,Rượu Soju Jinro Peach 360ml x Chai,0,78000.0,80999.6,78000.0,77000.0,True,3999.600000000006,False
8801048181421,Rượu soju JINRO chanh vàng 360ml x Chai,0,78000.0,80999.6,78000.0,77000.0,True,3999.600000000006,False
8801048921003,Rượu Soju Jinro Grapefruit 360ml x Chai,0,78000.0,80999.6,78000.0,77000.0,True,3999.600000000006,False
8801048921102,Rượu Soju Jinro Green Grape 360ml x Chai,0,78000.0,80999.6,78000.0,77000.0,True,3999.600000000006,False
8801048951000,Rượu Soju Jinro Fresh 360ml x Chai,0,78000.0,80999.96666666666,78000.0,77000.0,True,3999.96666666666,False
8801051018080,Bamboo KDR h.hoa bac hà 100gx Tuýp,1,61000.0,60999.48,61000.0,60000.0,True,999.4800000000032,False
8801100129347,GOOD DAY rượu soju vị nho xanh 360ml x Chai,0,72000.0,71999.95,72000.0,71000.0,True,999.9499999999971,False
8801100129729,GOOD DAY rượu soju truyền thống 360ml x Chai,0,72000.0,72000.5,72000.0,71000.0,True,1000.5,False
8801100132330,GOOD DAY rượu Soju vị ổi 360ml x Chai,0,72000.0,72000.5,72000.0,71000.0,True,1000.5,False
8801100132590,GOOD DAY rượu Soju vị hoa atiso đỏ 360ml x Chai,0,72000.0,72000.5,72000.0,71000.0,True,1000.5,False
8801147123858,KORICE rượu soju dưa lưới 360ml x Chai,0,64000.0,77999.9,64000.0,63000.0,True,14999.899999999994,False
8801147123865,KORICE rượu soju phúc bồn tử 360ml x Chai,0,64000.0,79999.7,64000.0,63000.0,True,16999.699999999997,False
8801152233801,CHUM CHURUM rượu soju Original 360ml x Chai,0,81000.0,80999.96666666666,81000.0,80000.0,True,999.9666666666599,False
8801328400327,GLADE Sáp Thơm Oải Hương 180g x Hủ,1,65000.0,64999.95,65000.0,64000.0,True,999.9499999999971,False
8802340112151,CHUM CHURUM rượu soju Citron 360ml x Chai,0,80999.6,80999.6,81000.0,80000.0,True,999.6000000000058,False
8802340112168,CHUM CHURUM rượu soju vị đào 360ml x Chai,0,81000.0,80999.6,81000.0,80000.0,True,999.6000000000058,False
8802521122221,Rượu Gạo Makgeolli Hương Truyền Thống 750ml x Chai,0,83000.0,83000.5,83000.0,81000.0,True,2000.5,False
8803628631012,Aloe Vera Khăn ướt 30 tờ x Gói,1,25000.0,22999.68,25000.0,25000.0,False,2000.3199999999997,False
8809052588823,MAYAN Lột mụn cám than hoạt tính 4M x Hộp,1,33000.0,33000.0,33000.0,32000.0,True,1000.0,False
8809212996093,Wash  Wish Viên giặt 3 in 1 32 viên x gói,1,279000.0,278999.64,279000.0,274000.0,True,4999.640000000014,False
8809301761229,"Ariul Khăn ướt tẩy trang sạch sâu, dịu da x Gói",1,45999.8,46000.44,46000.0,45000.0,True,1000.4400000000023,False
8809301765883,"Ariul Khăn ướt tẩy trang cho mắt, môi x Gói",1,67000.0,66999.96,67000.0,66000.0,True,999.9600000000064,False
8809301767597,7days Mặt nạ Lotus x Cái,1,28000.0,28000.08,28000.0,27000.0,True,1000.0800000000017,False
8809301767603,7days Mặt nạ  Aloe x Cái,1,28000.0,28000.08,28000.0,27000.0,True,1000.0800000000017,False
8809301767610,7days Mặt nạ Tea Tree x Cái,1,28000.0,28000.08,28000.0,27000.0,True,1000.0800000000017,False
8809486364260,Banobagi mặt nạ whitening  relaxing 30g x miếng,1,31000.0,31000.2,31000.0,30000.0,True,1000.2000000000007,False
8809486364321,Banobagi mặt nạ stem cell  BHA-AHA 30g x miếng,1,29500.0,31000.0625,30000.0,29000.0,True,2000.0625,False
8809544632072,Wonjin Mặt nạ tăng sinh Collagen cấp tóc x Cái,1,36000.0,36000.18,36000.0,35000.0,True,1000.1800000000003,False
8809544632089,Wonjin Mặt nạ phục hồi cấp tốc cho da khô x Cái,1,36000.0,35999.85,36000.0,35000.0,True,999.8499999999985,False
8809544632096,Wonjin Mặt nạ phục hồi cấp tốc cho da mụn x Cái,1,36000.0,35999.7,36000.0,35000.0,True,999.6999999999971,False
8809640030604,HIM rượu soju vị vải 360ml x Chai,0,81000.0,80999.6,81000.0,80000.0,True,999.6000000000058,False
8809640030611,HIM rượu soju vị dưa hấu 360ml x Chai,0,81000.0,80999.6,81000.0,80000.0,True,999.6000000000058,False
8809653240748,Sur.Medic Mặt nạ Cấp nước siêu tốc x Cái,1,38000.0,37999.5,38000.0,37000.0,True,999.5,False
8850006327647,COLGATE Kem đánh răng sensitive 110g x Cây,1,79000.0,78999.82,79000.0,78000.0,True,999.820000000007,False
8850006332504,Colgate KĐR  BCĐR trẻ em minion x bộ,1,65000.0,64999.8,65000.0,64000.0,True,999.8000000000029,False
8850006932322,Colgate KDR Maxfresh Peppermint 230g x tuýp,1,62000.0,62000.4,62000.0,61000.0,True,1000.4000000000015,False
8850006941744,Colgate Kem đánh răng Optic White O2 x Bộ,1,125000.0,125000.28,125000.0,123000.0,True,2000.2799999999988,False
8850006954270,Colgate KĐR Drawin Clean Mint 150gr x hộp,1,69000.0,69000.12,69000.0,68000.0,True,1000.1199999999953,False
8850007543138,Neutrogena SRM Deep Clean Foaming Cleaser 100g x tuýp,1,149000.0,149000.04,149000.0,146000.0,True,3000.040000000008,False
8850007812562,LISTERINE Nước súc miệng trà xanh 250ML x chai,1,100000.0,100000.44,100000.0,98000.0,True,2000.4400000000023,False
8850007813040,LISTERINE Nước súc miệng COOLMINT 250ml x 1 chai,1,83000.0,83000.16,83000.0,81000.0,True,2000.1600000000035,False
8850007814306,Listerine Nước súc miệng cool mint 100ml x chai,1,37000.0,36999.72,37000.0,36000.0,True,999.7200000000012,False
8850029000114,Nivea SRM đất sét sáng da 100g x tuýp,1,95000.4,95000.04,95000.0,93000.0,True,2000.0399999999936,False
8850029015194,Nivea Nước tẩy trang sạch nhờn 200ml x chai,1,134999.85,135000.0,135000.0,133000.0,True,2000.0,False
8850029850009,"NIVEA Son dưỡng Original Care 4,8g x cây",1,76500.0,85000.32,77000.0,75000.0,True,10000.320000000007,False
8851007199332,KDR SENSODYNE Prepair  protect 100g x hộp,1,114999.75,114999.48,115000.0,113000.0,True,1999.479999999996,False
8851989060033,D-NEE N.Giặt Quần Áo Em Bé Xanh 960ml x Túi,1,109000.0,109000.08,109000.0,107000.0,True,2000.0800000000017,False
8859361300395,Rượu Soju Tae Yang hương Nho 360ml x Chai,0,70000.1,75000.2,70000.0,69000.0,True,6000.199999999997,False
8859361300418,Rượu Soju Tae Yang hương Yogurt 360ml x Chai,0,75000.0,75000.2,75000.0,74000.0,True,1000.1999999999971,False
8886389740612,BELLO Khăn Ướt Không Mùi 20 Tờ x Gói,1,17000.0,17000.28,17000.0,17000.0,False,0.27999999999883585,True
8886389740629,BELLO Khăn Ướt Hương Hoa 20 Tờ x Gói,1,17000.0,17000.28,17000.0,17000.0,False,0.27999999999883585,True
8886389740636,BELLO Khăn Ướt Hương Bạc Hà 20 Tờ x Gói,1,19000.0,19000.44,19000.0,19000.0,False,0.4399999999986903,True
8888176032702,Bio essence mặt nạ rau má centella 20ml x Cái,1,45000.0,45000.36,45000.0,44000.0,True,1000.3600000000006,False
8888336032092,HUGGIES Khăn Ướt Dưỡng Ẩm 72 Tờ x Gói,1,56000.0,56000.16,56000.0,55000.0,True,1000.1600000000035,False
8888336041834,HUGGIES Khăn Ướt Dịu Nhẹ 80 Tờ x Gói,1,56000.0,56000.16,56000.0,55000.0,True,1000.1600000000035,False
8888826016175,GILLETTE Dao cạo râu vector plus x Cái,1,41000.0,41000.04,41000.0,40000.0,True,1000.0400000000009,False
8888826016182,GILLETTE Lưỡi dao cạo râu Vector 2 x cái,1,39000.0,41000.04,39000.0,38000.0,True,3000.040000000001,False
8888855001432,GILLETTE Dao cạo râu Blue II 2cây x Bộ,1,24000.0,23999.76,24000.0,24000.0,False,0.2400000000016007,True
89301210,MARLBORO Hard Red 20 Điếu x Gói,0,37000.0,36999.6,37000.0,36000.0,True,999.5999999999985,False
89302965,MARLBORO Flavor Code 20 Điếu x Gói,0,23000.0,22999.9,23000.0,23000.0,False,0.09999999999854481,True
89302972,MARLBORO Gold 20 Điếu x Gói,0,37000.0,36999.6,37000.0,36000.0,True,999.5999999999985,False
89303375,MARLBORO Advance 20 Điếu x Gói,0,37000.0,36999.6,37000.0,36000.0,True,999.5999999999985,False
8934591001042,Vodka Hà Nội 300ml x Chai,0,72000.0,77000.0,72000.0,71000.0,True,6000.0,False
8934591001233,Rượu Nếp mới Hà Nội 500ml x Chai,0,100000.0,107000.3,100000.0,98000.0,True,9000.300000000003,False
8934591001264,Vodka Hà Nội 500ml x Chai,0,110000.0,112499.75,110000.0,108000.0,True,4499.75,False
8934674012811,CRAVEN Click 20 Điếu x Gói,0,37000.0,36999.6,37000.0,36000.0,True,999.5999999999985,False
8934674012910,CRAVEN Demi Silver 20 Điếu x Gói,0,22000.0,22000.0,22000.0,22000.0,False,0.0,True
8934674014716,CRAVEN Chill 20 Điếu x Gói,0,25000.0,24999.7,25000.0,25000.0,False,0.2999999999992724,True
8934674015911,Craven A Classic 20 Điếu x Gói,0,32000.0,32000.1,32000.0,31000.0,True,1000.0999999999985,False
8934681596946,BIORE sữa UV mát lạnh 25ml x1 chai,1,72000.0,72000.36,72000.0,71000.0,True,1000.3600000000006,False
8934681960075,BIORE Miếng dán mũi lột mụn nữ đen 4 miếng x Hộp,1,31000.0,31000.2,31000.0,30000.0,True,1000.2000000000007,False
8934681978360,BIORE NƯỚC TẨY TRANG HOÀN HẢO 90ML X 1 CHAI,1,72000.0,74999.52,72000.0,71000.0,True,3999.520000000004,False
8934692020218,CARLSBERG Bia Danish Pilsner 330ml x Lon,0,25000.0,23249.875,25000.0,25000.0,False,1750.125,False
8934692040018,TUBORG Bia 330ml x Lon,0,20000.1,20000.042857142857,20000.0,20000.0,False,0.042857142856519204,True
8934692070114,HUDA Bia 330ml x Lon,0,16000.0,15999.5,16000.0,16000.0,False,0.5,True
8934692090013,BLANC 1664 Bia Kronenbourg 330ml x Chai,0,26000.0,25999.6,26000.0,26000.0,False,0.4000000000014552,True
8934692090020,BLANC 1664 Bia 330ml x Lon,0,23000.0,22999.9,23000.0,23000.0,False,0.09999999999854481,True
8934692100316,SOMERSBY Nước Táo Lên Men Apple 330ml x Lon,0,24000.0,23999.8,24000.0,24000.0,False,0.2000000000007276,True
8934692100323,SOMERSBY Nước Táo Lên Men Blackberry 330ml x Lon,0,24000.0,23999.8,24000.0,24000.0,False,0.2000000000007276,True
8934732202529,JUMBO Xịt Côn Trùng Hương Cam Chanh 300ml x Chai,1,51000.0,50999.76,51000.0,50000.0,True,999.760000000002,False
8934755035036,FRESSI Khăn Ướt All Care 20 Tờ x Gói,1,17000.0,18000.36,17000.0,17000.0,False,1000.3600000000006,False
8934755035180,FRESSI Khăn Ướt Face 20 Tờ x Gói,1,19000.0,19000.44,19000.0,19000.0,False,0.4399999999986903,True
8934755035197,FRESSI Care All Khăn Ướt 100 Tờ x Gói,1,51000.0,44000.28,51000.0,50000.0,True,5999.720000000001,False
8934755035289,BOBBY Khăn Ướt Không Hương 100 Tờ x Gói,1,51000.0,50999.76,51000.0,50000.0,True,999.760000000002,False
8934755035326,FRESSI Khăn Ướt Cool 20 Tờ x Gói,1,19000.0,20000.52,19000.0,19000.0,False,1000.5200000000004,False
8934755035333,FRESSI Khăn Ướt Apple 20 Tờ x Gói,1,19000.0,19000.44,19000.0,19000.0,False,0.4399999999986903,True
8934755042300,3D Mask khẩu trang ngăn bụi maxblock 5cái x gói,1,37000.0,36999.6,37000.0,36000.0,True,999.5999999999985,False
8934772115070,SANMIGUEL Bia Pilsen 500ml x Lon,0,28000.0,28000.5,28000.0,27000.0,True,1000.5,False
8934772225076,REDHORSE Bia 500ml x Lon,0,33000.0,33000.0,33000.0,32000.0,True,1000.0,False
8934822111298,STRONGBOW Vị táo 320ml x Lon,0,24000.0,22249.7,24000.0,24000.0,False,1750.2999999999993,False
8934822112332,TIGER Bia lon cao 330ml x Lon,0,21000.0,21000.1,21000.0,21000.0,False,0.09999999999854481,True
8934822113339,Thùng 24  TIGER Bia lon cao 330ml x Lon,0,430000.0,429999.9,430000.0,422000.0,True,7999.900000000023,False
8934822121297,STRONGBOW Vị dâu đỏ 320ml x Lon,0,24000.0,23999.8,24000.0,24000.0,False,0.2000000000007276,True
8934822171292,STRONGBOW vị dâu đen 320ml x Lon,0,24000.0,23999.8,24000.0,24000.0,False,0.2000000000007276,True
8934822201210,HEINEKEN SILVER Bia lon cao 330ml x Lon,0,26000.0,25999.966666666667,26000.0,26000.0,False,0.03333333333284827,True
8934822201319,Thùng 24HEINEKEN SILVER Bia lon cao 330ml x Lon,0,560000.05,560000.1,560000.0,550000.0,True,10000.099999999977,False
8934822212339,HEINEKEN Bia lon cao 330ml x Lon,0,23000.0,22999.9,23000.0,23000.0,False,0.09999999999854481,True
8934822220112,Bia Việt 330ml x  Lon,0,16000.0,15999.958333333334,16000.0,16000.0,False,0.04166666666606034,True
8934822261214,TIGER Platinum Bia lon 330ml x Lon,0,24000.0,23999.8,24000.0,24000.0,False,0.2000000000007276,True
8934822391218,EDELWEISS Bia 330ml x Lon,0,26000.0,26000.0125,26000.0,26000.0,False,0.012500000000727596,True
8934822401337,LARUE SPECIAL Bia lon 330ml x  Lon,0,15000.0,14999.783333333333,15000.0,15000.0,False,0.21666666666715173,True
8934822421212,Tiger Soju vị mận 330ml x lon,0,25000.0,24999.7,25000.0,25000.0,False,0.2999999999992724,True
8934822431211,Tiger Soju vị dưa lưới 330ml x lon,0,25000.0,25000.066666666666,25000.0,25000.0,False,0.06666666666569654,True
8934822801335,TIGER CRYSTAL Bia lon 330ml x Lon,0,22000.0,22000.0,22000.0,22000.0,False,0.0,True
8934822901332,Bia Larue xanh lon 330ml,0,15000.0,14999.6,15000.0,15000.0,False,0.3999999999996362,True
8934837000037,VPP Đức Trí Keo dán 502 x Cái,1,11000.0,11999.88,11000.0,11000.0,False,999.8799999999992,False
8934839121037,Closeup KDR white attraction diamond 100g x tuýp,1,42000.0,38000.07,42000.0,41000.0,True,2999.9300000000003,False
8934839125950,Closeup KDR thơm mát bất tận bạc hà 230g x tuýp,1,53000.0,63999.72,53000.0,52000.0,True,11999.720000000001,False
8934839126001,Closeup KĐR thơm mát băng tuyết 230g x tuýp,1,53000.0,64999.8,53000.0,52000.0,True,12999.800000000003,False
8934839126483,P/S Nước súc miệng pro complete 500ml x chai,1,90999.7,90999.72,91000.0,89000.0,True,1999.7200000000012,False
8934839128104,P/S KĐR trà xanh 230g x tuýp,1,51000.0,43000.2,51000.0,50000.0,True,6999.800000000003,False
8934839128142,P/S KĐR Baking Soda  Hương Thảo 230g x tuýp,1,57000.0,57000.24,57000.0,56000.0,True,1000.239999999998,False
8934839135164,P/S KĐR Chuyên Gia Chăm Sóc Nướu Thơm Mát 100g x Tuýp,1,89000.0,88999.56,89000.0,87000.0,True,1999.5599999999977,False
8934839135171,P/S KĐR Chuyên Gia Chăm Sóc Nướu Trắng Răng 100g x Tuýp,1,89000.0,88999.56,89000.0,87000.0,True,1999.5599999999977,False
8934868152569,CLEAR Dầu Gội Mát Lạnh Bạc Hà 170G x Chai,1,74000.0,90999.99,74000.0,73000.0,True,17999.990000000005,False
8934868155324,LIFEBUOY NRT bảo vệ vượt trội 180g x Chai,1,42000.0,42000.12,42000.0,41000.0,True,1000.1200000000026,False
8934868166344,Lifebuoy NRT bảo vệ khỏi vi khuẩn 450ml x chai,1,103000.0,98999.82,103000.0,101000.0,True,2000.179999999993,False
8934868166856,SUNSILK Dầu Gội Óng Mượt Rạng Ngời 170g x chai,1,59000.0,64999.8,59000.0,58000.0,True,6999.800000000003,False
8934868166900,SUNSILK Dầu Gội Mềm Mượt Diệu Kỳ 170g x chai,1,59000.0,64999.8,59000.0,58000.0,True,6999.800000000003,False
8934868167907,Tresemme Dầu Xả Vào Nếp Mượt Mà 480G x Chai,1,195000.0,195000.48,195000.0,191000.0,True,4000.4800000000105,False
8934868167938,Tresemme Dầu Gội Vào Nếp Mượt Mà 480G x Chai,1,195000.0,195000.48,195000.0,191000.0,True,4000.4800000000105,False
8934868168607,CLEAR MEN Dầu Gội Mát lạnh Bạc Hà 170g x Chai,1,87000.0,96000.12,87000.0,85000.0,True,11000.119999999995,False
8934868169437,OMO COMFORT Bột Giặt Hương Hoa Hồng Pháp 700G x Gói,1,49000.0,48999.6,49000.0,48000.0,True,999.5999999999985,False
8934868171843,Sunlight Nước lau đa năng 500ml x chai,1,44000.0,44000.28,44000.0,43000.0,True,1000.2799999999988,False
8934868171850,SUNLIGHT Nước Lau Kính 520ml x Chai,1,30000.0,30000.24,30000.0,29000.0,True,1000.2400000000016,False
8934868174110,SUNLIGHT NLS Hương Lavender 997ml x Chai,1,39000.0,37999.8,39000.0,38000.0,True,0.19999999999708962,True
8934868177982,"COMFORT NXV Cho Da Nhạy Cảm 1,8L x Túi",1,149000.5,149000.04,149000.0,146000.0,True,3000.040000000008,False
8934868180494,Dove Ceramide Dầu gội phục hồi hư tổn 170g x chai,1,68000.0,74000.52,68000.0,67000.0,True,7000.520000000004,False
8934868182573,SUNLIGHT NRC Matcha Nhật 750G x Chai,1,42000.0,42000.12,42000.0,41000.0,True,1000.1200000000026,False
8934868182634,SUNLIGHT NRC Muối Khoáng Lô Hội 750G x Chai,1,42000.0,42000.12,42000.0,41000.0,True,1000.1200000000026,False
8934868188643,Dove Sữa Tắm Serum Radiance 500g x chai,1,173000.0,172999.8,173000.0,170000.0,True,2999.7999999999884,False
8934868188674,Dove Sữa Tắm Serum Deep Moisture 500g x chai,1,173000.0,173000.05,173000.0,170000.0,True,3000.0499999999884,False
8934889240351,RAID Bình xịt côn trùng LAVENDER 300ML x Chai,1,59000.0,58999.6,59000.0,58000.0,True,999.5999999999985,False
8935004400889,KENT Nanotek Neo 20 Điếu x Gói,0,43000.0,43000.1,43000.0,42000.0,True,1000.0999999999985,False
8935004400957,KENT Iswitch 20 Điếu x Gói,0,52000.0,52000.3,52000.0,51000.0,True,1000.3000000000029,False
8935004401190,555 Silver 20 Điếu x Gói,0,34000.0,33999.9,34000.0,33000.0,True,999.9000000000015,False
8935004401268,555 Sphere 20 Điếu x 1 Gói,0,38000.0,37000.15,38000.0,37000.0,True,0.1500000000014552,True
8935004401282,555 King Gold 20 Điếu x Gói,0,45000.0,44999.9,45000.0,44000.0,True,999.9000000000015,False
8935004401299,555 Signature 20 Điếu x Gói,0,50000.0,50000.5,50000.0,49000.0,True,1000.5,False
8935004401572,555 Prestige Slim 20 Điếu x Gói,0,21000.1,22000.0,21000.0,21000.0,False,1000.0,False
8935004401619,555 SWITCH 20 Điếu x Gói,0,22000.0,22999.9,22000.0,22000.0,False,999.9000000000015,False
8935006531956,Oxy SRM Oxy Deep Wash Scrub Formula 100g x tuýp,1,95000.0,95000.04,95000.0,93000.0,True,2000.0399999999936,False
8935012400116,Bia Lạc Việt sleek 330ml x Lon,0,15000.0,14999.6,15000.0,15000.0,False,0.3999999999996362,True
8935012413321,SABECO Lager Bia 330ml x Lon,0,15000.0,16000.05,15000.0,15000.0,False,1000.0499999999993,False
8935012413338,333 Bia 330ml x Lon,0,16000.0,17000.133333333335,16000.0,16000.0,False,1000.133333333335,False
8935012443304,SABECO Special Bia Sleek 330ml x Lon,0,19000.0,18999.95952380952,19000.0,19000.0,False,0.04047619047923945,True
8935012443342,SABECO Export Bia Premium Sleek 330ml x Lon,0,15000.0,15999.5,15000.0,15000.0,False,999.5,False
8935012443380,SABECO Chill Bia Sleek 330ml x Lon,0,21000.0,21000.1,21000.0,21000.0,False,0.09999999999854481,True
8935012443397,333 Pilsner bia 330ml x Lon,0,18000.0,18000.4,18000.0,18000.0,False,0.4000000000014552,True
8935029600004,MARLBORO Demi Touch 20 Điếu x Gói,0,18000.0,18000.4,18000.0,18000.0,False,0.4000000000014552,True
8935029600059,MARLBORO Slim Touch 20 Điếu x Gói,0,23000.0,22999.9,23000.0,23000.0,False,0.09999999999854481,True
8935136860148,X-MEN FOR BOSS Dầu gội nước hoa intense 380g x Chai,1,174000.1,180000.36,174000.0,171000.0,True,9000.359999999986,False
8935136863538,X men XKM Boss Legend 150ml x chai,1,146000.0,145999.8,146000.0,143000.0,True,2999.7999999999884,False
8935136865679,Purite Sữa Tắm Hoa Anh Đào 250ml x 1 Chai,1,96000.0,96000.12,96000.0,94000.0,True,2000.1199999999953,False
8935136865723,Purite Sữa Tắm Hoa Hồng 250ml x 1 Chai,1,96000.0,96000.12,96000.0,94000.0,True,2000.1199999999953,False
8935212800105,Enchanteur Sữa Tắm nước hoa 180g x 1 chai,1,75000.0,74999.52,75000.0,74000.0,True,999.5200000000041,False
8935212830577,MAX KLEEN Khăn Lau Bề Mặt Đa Năng 30 Tờ x Gói,1,39000.0,39000.19,39000.0,38000.0,True,1000.1900000000023,False
8936006857077,Let green Khăn ướt cồn 35 tờ x Gói,1,42000.0,42000.12,42000.0,41000.0,True,1000.1200000000026,False
8936009052134,MEVIUS Wind Blue 20 Điếu x Gói,0,50000.0,50000.5,50000.0,49000.0,True,1000.5,False
8936009052165,MEVIUS Sky Blue 20 Điếu x Gói,0,50000.0,50000.5,50000.0,49000.0,True,1000.5,False
8936009052196,MEVIUS Original Blue 20 Điếu x Gói,0,50000.0,50000.5,50000.0,49000.0,True,1000.5,False
8936013251165,Nước Giặt GIFT Nước Hoa Ambery 1.2Kg x Túi,1,85000.3,85000.32,85000.0,83000.0,True,2000.320000000007,False
8936013251967,SUKKIRI Khử Mùi Toilet Hoa Hồng 400ml x Chai,1,109000.0,109000.1,109000.0,107000.0,True,2000.1000000000058,False
8936013254883,Nước Rửa Chén GIFT Cám Gạo 800G x Chai,1,36000.0,35999.64,36000.0,35000.0,True,999.6399999999994,False
8936013330266,MAMAMY Khăn Ướt Không Mùi 80 Tờ x Gói,1,47000.0,38999.88,47000.0,46000.0,True,7000.120000000003,False
8936013330280,MAMAMY Khăn Ướt Không Mùi 30 Tờ x Gói,1,24000.0,23999.76,24000.0,24000.0,False,0.2400000000016007,True
8936023251636,RICE+ rượu soju hương dứa 360ml x Chai,0,44000.0,44000.0,44000.0,43000.0,True,1000.0,False
8936027440043,AXO Nước Tẩy Hương Hoa Đào 400ml x Chai,1,34000.0,33999.69,34000.0,33000.0,True,999.6900000000023,False
8936027440722,GREEN CROSS Nước rửa tay T.PROTECT  Fresh 100mlxchai,1,29000.4,29000.28,29000.0,28000.0,True,1000.2799999999988,False
8936031835118,CAMEL Đầu Lọc Trà Đen x Gói,0,47000.0,46999.7,47000.0,46000.0,True,999.6999999999971,False
8936031837419,CAMEL Caster Điếu Nhỏ 20 Điếu x Gói,0,30000.0,30000.3,30000.0,29000.0,True,1000.2999999999993,False
8936031837457,CAMEL Dưa Hấu 20 Điếu x Gói,0,33000.0,33000.0,33000.0,32000.0,True,1000.0,False
8936032232015,Cleo Kem tẩy lông da nhạy cảm 50g x tuýp,1,85000.0,85000.3,85000.0,83000.0,True,2000.300000000003,False
8936036201208,Hoegaarden Bia White 330ml x Chai,0,38000.0,38000.05,38000.0,37000.0,True,1000.0500000000029,False
8936036201246,Hoegaarden Bia White 330ml x Lon,0,36000.0,35999.7,36000.0,35000.0,True,999.6999999999971,False
8936036201604,Hoegaarden Bia Rosee 248ml x Chai,0,25000.0,25000.25,25000.0,25000.0,False,0.25,True
8936036201642,Hoegaarden Bia Đào 500ml x Lon,0,45000.0,44999.9,45000.0,44000.0,True,999.9000000000015,False
8936040071705,LET-GREEN Khăn Ướt Kháng Khuẩn 80 Tờ x Gói,1,41000.0,41000.04,41000.0,40000.0,True,1000.0400000000009,False
8936061260218,SAPPORO Bia 330ml x Lon,0,26000.0,25999.783333333333,26000.0,26000.0,False,0.21666666666715173,True
8936061260331,SAPPORO Bia 650ml x Lon,0,86000.0,90999.7,86000.0,84000.0,True,6999.699999999997,False
8936061260447,SAPPORO Bia Premium 500ml x Lon,0,38000.0,37999.5,38000.0,37000.0,True,999.5,False
8936061260478,SAPPORO Bia Premium 100 330ml x Lon,0,27000.0,26999.5,27000.0,27000.0,False,0.5,True
8936094291005,Budweiser Bia Sleek 330ml x Lon,0,24000.0,23999.8,24000.0,24000.0,False,0.2000000000007276,True
8936094291302,Budweiser Bia 500ml x Lon,0,35000.0,34999.8,35000.0,34000.0,True,999.8000000000029,False
8936217700032,CoCoon CF Làm sạch da chết cho cơ thể 200ml x Hủ,1,129000.0,129000.3,129000.0,127000.0,True,2000.300000000003,False
8936221250097,Yuniku Khăn ướt có hương 20 tờ x Gói,1,14000.0,14000.04,14000.0,14000.0,False,0.040000000000873115,True
8938503352109,GOOD DAY rượu soju cherry 360ml x Chai,0,59000.0,58999.6,59000.0,58000.0,True,999.5999999999985,False
8938503352116,GOOD DAY rượu soju blueberry 360ml x Chai,0,59000.0,58999.6,59000.0,58000.0,True,999.5999999999985,False
8938503931908,MAX COOL Khăn Ướt Baby 30 Tờ x Gói,1,18500.0,19000.44,19000.0,18000.0,True,1000.4399999999987,False
8938503932028,Yuniku Khăn Ướt Hương Hoa 90 Tờ x Gói,1,40000.0,39999.96,40000.0,39000.0,True,999.9599999999991,False
8938503932035,YUNIKU Khăn Ướt Lô Hội 90 Tờ x Gói,1,45000.0,45000.36,45000.0,44000.0,True,1000.3600000000006,False
8938503932042,Yuniku Khăn Ướt Hương Lài 90 Tờ x Gói,1,43000.0,43000.2,43000.0,42000.0,True,1000.1999999999971,False
8938505974194,JOMI Tăm bông người lớn 200c x Hộp,1,36000.0,35999.64,36000.0,35000.0,True,999.6399999999994,False
8938505974200,JOMI Tăm bông trẻ em 160 cái x Hộp,1,36000.0,35999.64,36000.0,35000.0,True,999.6399999999994,False
8938511021011,MAX COOL Khăn Ướt Không Hương 10 Tờ x Gói,1,9000.0,8999.64,9000.0,9000.0,False,0.3600000000005821,True
8938511021035,Max Cool Khăn Ướt Có Hương 25 Tờ x Gói,1,17000.0,17000.28,17000.0,17000.0,False,0.27999999999883585,True
8938511021226,MAX CLEAN Khăn Ướt Không Mùi 80 Tờ x Gói,1,37999.5,37999.8,38000.0,37000.0,True,999.8000000000029,False
8938511021356,MAX COOL Khăn Ướt Không Hương 40 tờ x Gói,1,28000.0,28000.08,28000.0,27000.0,True,1000.0800000000017,False
8938511702453,Heart of Dark Bia Kurtzs Insane IPA 330ml x Lon,0,60000.0,61000.5,60000.0,59000.0,True,2000.5,False
8938512833798,Fujisalt Nước Muối Hương Biển 680ml x chai,1,25000.0,24999.7,25000.0,25000.0,False,0.2999999999992724,True
8938519160057,BELGO Bia Session IPA 330ml x Chai,0,60000.0,60000.05,60000.0,59000.0,True,1000.0500000000029,False
8938519160101,BELGO bia Artisan Pilsner 330ml x Chai,0,56500.05,58999.875,57000.0,55000.0,True,3999.875,False
8938551741108,EAST WEST Bia IPA 330ml x Lon,0,56000.0,55999.9,56000.0,55000.0,True,999.9000000000015,False
8938551741115,EAST WEST Bia Pale Ale 330ml x Lon,0,50000.0,47000.25,50000.0,49000.0,True,1999.75,False
8938551741139,EAST WEST Bia Pilsner 330ml x Lon,0,52000.0,46999.7,52000.0,51000.0,True,4000.300000000003,False
8938552030003,STEERSMAN Bia Mango Hard Soda 330ml x Lon,0,49000.0,48999.5,49000.0,48000.0,True,999.5,False
8938552030010,STEERSMAN Bia Pink Guava Hard Soda 330ml x Lon,0,54000.0,54000.1,54000.0,53000.0,True,1000.0999999999985,False
8991991161332,KDR SENSODYNE Bạc Hà 100g x Hộp,1,77000.0,76999.68,77000.0,76000.0,True,999.679999999993,False
8994993018222,Garnier SRM ngừa mụn 100ml x tuýp,1,145000.0,144999.8,145000.0,142000.0,True,2999.7999999999884,False
9300752030838,"FS WINE Vang hồng DB Family Selection, Pink Moscato 750ml x Chai",0,519000.0,518999.8,519000.0,510000.0,True,8999.799999999988,False
9310578008713,FS WINE Vang trắng Berri Estates Chardonnay 750ml x Chai,0,465000.0,464999.7,465000.0,457000.0,True,7999.700000000012,False
9311043000249,FS WINE Vang trắng Hardys Nottage Hill Chardonnay 750ml x Chai,0,804000.0,803999.9,804000.0,789000.0,True,14999.900000000023,False
9322214007387,Yellow Tail rượu vang trắng Chardonnay 750ml x Chai,0,445000.0,444999.5,445000.0,437000.0,True,7999.5,False
9322214007400,Yellow Tail rượu vang đỏ Shiraz 750ml x Chai,0,445000.0,444999.5,445000.0,437000.0,True,7999.5,False
9322214008988,Yellow Tail rượu vang đỏ Cabernet Sauvignon 750ml x Chai,0,445000.0,444999.5,445000.0,437000.0,True,7999.5,False
9322214011407,Yellow Tail rượu vang trắng Moscato 750ml x Chai,0,444999.5,444999.775,445000.0,437000.0,True,7999.775000000023,False
